{
    "uvs": [[0.375, 0.0, 0.625, 0.0, 0.375, 0.25, 0.625, 0.25, 0.375, 0.5, 0.625, 0.5, 0.375, 0.75, 0.625, 0.75, 0.375, 1.0, 0.625, 1.0, 0.875, 0.0, 0.875, 0.25, 0.125, 0.0, 0.125, 0.25, 0.625, 0.2720434367656708, 0.6470434665679932, 0.25, 0.625, 0.9779565334320068, 0.6470435261726379, 0.0, 0.625, 0.4752238690853119, 0.8502238392829895, 0.25, 0.625, 0.7747761011123657, 0.8502238392829895, 0.0, 0.625, 0.20650050044059753, 0.6470434665679932, 0.20650050044059753, 0.8502238392829895, 0.20650050044059753, 0.625, 0.5434994697570801, 0.875, 0.20650050044059753, 0.625, 0.0509977750480175, 0.6470435261726379, 0.0509977787733078, 0.8502238392829895, 0.0509977787733078, 0.625, 0.6990022659301758, 0.875, 0.0509977787733078, 0.8502238392829895, 0.20650050044059753, 0.6470434665679932, 0.20650050044059753, 0.6470435261726379, 0.0509977787733078, 0.8502238392829895, 0.0509977787733078, 0.625, 0.5822868347167969, 0.8750000596046448, 0.16771315038204193, 0.125, 0.16732150316238403, 0.375, 0.582678496837616, 0.625, 0.67373126745224, 0.875, 0.0762687548995018, 0.125, 0.07626865059137344, 0.375, 0.6737313270568848, 0.375, 0.582678496837616, 0.625, 0.5822868347167969, 0.625, 0.67373126745224, 0.375, 0.6737313270568848]], 
    "faces": [40, 0, 1, 16, 12, 3, 2, 0, 1, 27, 22, 3, 2, 0, 1, 2, 3, 4, 5, 40, 2, 3, 8, 10, 5, 4, 2, 3, 14, 18, 5, 4, 6, 7, 8, 9, 10, 11, 40, 4, 5, 15, 24, 25, 4, 5, 25, 36, 39, 12, 13, 14, 15, 16, 40, 6, 7, 11, 9, 1, 0, 6, 7, 20, 16, 9, 8, 17, 18, 19, 20, 21, 22, 41, 10, 14, 15, 5, 19, 24, 26, 11, 23, 24, 25, 26, 40, 6, 0, 2, 4, 25, 27, 12, 0, 2, 13, 38, 42, 27, 28, 29, 30, 31, 32, 41, 12, 13, 8, 3, 22, 23, 15, 3, 33, 34, 35, 36, 41, 8, 13, 14, 10, 15, 23, 24, 19, 35, 34, 24, 23, 41, 16, 17, 13, 12, 27, 28, 23, 22, 37, 38, 34, 33, 41, 21, 20, 22, 23, 32, 33, 34, 35, 39, 40, 41, 42, 40, 15, 14, 18, 19, 26, 24, 26, 24, 29, 31, 41, 37, 25, 24, 43, 44, 45, 46, 41, 1, 9, 17, 16, 1, 17, 28, 27, 47, 48, 38, 37, 41, 18, 17, 9, 11, 29, 28, 17, 21, 43, 38, 48, 49, 41, 19, 18, 11, 7, 31, 29, 21, 10, 44, 43, 49, 50, 41, 14, 13, 20, 21, 24, 23, 33, 32, 51, 52, 53, 54, 41, 13, 17, 22, 20, 23, 28, 34, 33, 55, 56, 57, 58, 41, 17, 18, 23, 22, 28, 29, 35, 34, 59, 60, 61, 62, 41, 18, 14, 21, 23, 29, 24, 32, 35, 63, 64, 65, 66, 41, 29, 28, 30, 31, 44, 45, 46, 47, 67, 68, 69, 70, 40, 27, 26, 19, 7, 6, 43, 40, 30, 7, 6, 71, 72, 73, 74, 75, 41, 25, 24, 28, 29, 39, 36, 45, 44, 76, 77, 78, 79, 41, 24, 26, 30, 28, 36, 40, 46, 45, 80, 81, 82, 83, 41, 26, 27, 31, 30, 40, 43, 47, 46, 84, 85, 86, 87, 41, 27, 25, 29, 31, 43, 39, 44, 47, 88, 89, 90, 91], 
    "vertices": [5.0, 0.0, -1.0, -5.0, 0.0, -1.0, 5.0, 2.0, -1.0, -5.0, 2.0, -1.0, 5.0, 2.0, 1.0, -5.0, 2.0, 1.0, 5.0, 0.0, 1.0, -5.0, 0.0, 1.0, -5.0, 2.0, -0.82365263, -5.0, 0.0, -0.82365203, -5.0, 2.0, 0.80179083, -5.0, 0.0, 0.80179089, -5.0, 1.652004, -1.0, -5.0, 1.652004, -0.82365257, -5.0, 1.652004, 0.80179083, -5.0, 1.652004, 1.0, -5.0, 0.40798223, -1.0, -5.0, 0.40798223, -0.82365215, -5.0, 0.40798223, 0.80179089, -5.0, 0.40798223, 1.0, -4.86596316, 1.61911726, -0.78068262, -4.86596316, 1.61911726, 0.75882089, -4.86596316, 0.44086903, -0.78068221, -4.86596316, 0.44086903, 0.75882095, -5.0, 1.3417052, 1.0, 5.0, 1.33857203, 1.0, -5.0, 0.61015004, 1.0, 5.0, 0.6101492, 1.0, -5.0, 1.3417052, 0.94004035, 5.0, 1.33857203, 0.94004035, -5.0, 0.61015004, 0.94004035, 5.0, 0.6101492, 0.94004035], 
    "materials": [{
        "opacity": 0.0, 
        "colorDiffuse": [0.4000000059604645, 0.4000000059604645, 0.4000000059604645], 
        "depthWrite": true, 
        "blending": "NormalBlending", 
        "shading": "Lambert", 
        "DbgName": "lambert2", 
        "transparent": true, 
        "depthTest": true, 
        "vertexColors": false
    }], 
    "normals": [0.0, 0.0, 1.0, 0.0, 0.0, 1.0, 0.0, 0.0, 1.0, 0.0, 0.0, 0.99999994, 0.0, 0.0, 1.0, 0.0, 0.0, 1.0, 0.0, 1.0, 0.0, 0.0, 1.0, 0.0, 0.0, 1.0, 0.0, 0.0, 1.0, 0.0, 0.0, 1.0, 0.0, 0.0, 1.0, 0.0, 0.0, 0.0, -0.99999988, 0.0, 0.0, -0.99999988, 0.0, 0.0, -0.99999988, 0.0, 0.0, -0.99999994, 0.0, 0.0, -0.99999994, 0.0, -1.0, 0.0, 0.0, -1.0, 0.0, 0.0, -0.99999994, 0.0, 0.0, -0.99999994, 0.0, 0.0, -1.0, 0.0, 0.0, -1.0, 0.0, 1.0, 0.0, 0.0, 0.99999994, 0.0, 0.0, 1.0, 0.0, 0.0, 0.99999994, 0.0, 0.0, -1.0, 0.0, 0.0, -1.0, 0.0, 0.0, -1.0, 0.0, 0.0, -1.0, 0.0, 0.0, -1.0, 0.0, 0.0, -0.99999994, 0.0, 0.0, 0.99999994, 0.0, 0.0, 1.0, 0.0, 0.0, 0.99999994, 0.0, 0.0, 0.99999994, 0.0, 0.0, 1.00000012, 0.0, 0.0, 1.0, 1.2e-07, 0.0, 0.99999988, -1e-07, 0.0, 1.0, -1e-07, 0.0, 0.99999988, -1e-07, 0.0, 1.0, -1e-07, 0.0, 1.0, 1.2e-07, 0.0, 1.0, 0.0, 0.0, 0.99999994, 0.0, 0.0, 0.99999994, 0.0, 0.0, 1.0, 0.0, 0.0, 1.00000012, 1.6e-07, 0.0, 1.0, 1.6e-07, 0.0, 1.0, 0.0, 0.0, 0.77511138, -0.63182473, 0.0, 0.77511138, -0.63182473, 0.0, 0.77511126, -0.63182473, 0.0, 0.77511126, -0.63182473, 0.0, 0.84843177, 1.8e-07, -0.52930474, 0.84843177, 1.8e-07, -0.5293048, 0.84843177, 1.8e-07, -0.5293048, 0.84843165, 1.8e-07, -0.52930474, 0.77511173, 0.63182414, 0.0, 0.77511173, 0.63182414, 0.0, 0.77511173, 0.63182408, 0.0, 0.77511173, 0.63182408, 0.0, 0.84843159, 0.0, 0.5293051, 0.84843159, 0.0, 0.52930504, 0.84843147, 0.0, 0.52930504, 0.84843159, 0.0, 0.5293051, 0.0, 0.0, -1.0, 0.0, 0.0, -1.0, 0.0, 0.0, -1.0, 0.0, 0.0, -1.0, 0.0, 0.0, -0.99999988, 0.0, 0.0, -0.99999988, 0.0, 0.0, -1.0, 0.0, 0.0, -1.0, 0.0, 0.0, -1.0, 0.00156659, -0.99999875, 0.0, 0.00156659, -0.99999875, 0.0, 0.00156659, -0.99999875, 0.0, 0.00156659, -0.99999875, 0.0, -0.99999994, 0.0, 0.0, -0.99999994, 0.0, 0.0, -0.99999994, 0.0, 0.0, -0.99999994, 0.0, 0.0, -4.2e-07, 1.0, 0.0, -4.2e-07, 1.0, 0.0, -4.2e-07, 1.0, 0.0, -4.2e-07, 1.0, 0.0, 1.0, 0.0, 0.0, 1.0, 0.0, 0.0, 1.0, 0.0, 0.0, 1.0, 0.0, 0.0], 
    "metadata": {
        "formatVersion": 3.1, 
        "generatedBy": "Maya Exporter"
    }
}