{
    "uvs": [[0.375, 0.0, 0.625, 0.0, 0.375, 0.25, 0.625, 0.25, 0.375, 0.5, 0.625, 0.5, 0.375, 0.75, 0.625, 0.75, 0.375, 1.0, 0.625, 1.0, 0.875, 0.0, 0.875, 0.25, 0.125, 0.0, 0.125, 0.25, 0.375, 0.0, 0.625, 0.0, 0.375, 0.25, 0.625, 0.25, 0.375, 0.5, 0.625, 0.5, 0.375, 0.75, 0.625, 0.75, 0.375, 1.0, 0.625, 1.0, 0.875, 0.0, 0.875, 0.25, 0.125, 0.0, 0.125, 0.25, 0.375, 0.0, 0.625, 0.0, 0.375, 0.25, 0.625, 0.25, 0.375, 0.5, 0.625, 0.5, 0.375, 0.75, 0.625, 0.75, 0.375, 1.0, 0.625, 1.0, 0.875, 0.0, 0.875, 0.25, 0.125, 0.0, 0.125, 0.25, 0.375, 0.0, 0.625, 0.0, 0.375, 0.25, 0.625, 0.25, 0.375, 0.5, 0.625, 0.5, 0.375, 0.75, 0.625, 0.75, 0.375, 1.0, 0.625, 1.0, 0.875, 0.0, 0.875, 0.25, 0.125, 0.0, 0.125, 0.25]], 
    "animations": [{
        "hierarchy": [], 
        "length": 4.958333333333333, 
        "name": "skeletalAction.001", 
        "fps": 1
    }], 
    "faces": [41, 0, 1, 3, 2, 0, 1, 3, 2, 0, 1, 2, 3, 41, 2, 3, 5, 4, 2, 3, 5, 4, 4, 5, 6, 7, 41, 4, 5, 7, 6, 4, 5, 7, 6, 8, 9, 10, 11, 41, 6, 7, 1, 0, 6, 7, 9, 8, 12, 13, 14, 15, 41, 1, 7, 5, 3, 1, 10, 11, 3, 16, 17, 18, 19, 41, 6, 0, 2, 4, 12, 0, 2, 13, 20, 21, 22, 23, 41, 8, 9, 11, 10, 14, 15, 17, 16, 24, 25, 26, 27, 41, 10, 11, 13, 12, 16, 17, 19, 18, 28, 29, 30, 31, 41, 12, 13, 15, 14, 18, 19, 21, 20, 32, 33, 34, 35, 41, 14, 15, 9, 8, 20, 21, 23, 22, 36, 37, 38, 39, 41, 9, 15, 13, 11, 15, 24, 25, 17, 40, 41, 42, 43, 41, 14, 8, 10, 12, 26, 14, 16, 27, 44, 45, 46, 47, 41, 16, 17, 19, 18, 28, 29, 31, 30, 48, 49, 50, 51, 41, 18, 19, 21, 20, 30, 31, 33, 32, 52, 53, 54, 55, 41, 20, 21, 23, 22, 32, 33, 35, 34, 56, 57, 58, 59, 41, 22, 23, 17, 16, 34, 35, 37, 36, 60, 61, 62, 63, 41, 17, 23, 21, 19, 29, 38, 39, 31, 64, 65, 66, 67, 41, 22, 16, 18, 20, 40, 28, 30, 41, 68, 69, 70, 71, 41, 24, 25, 27, 26, 42, 43, 45, 44, 72, 73, 74, 75, 41, 26, 27, 29, 28, 44, 45, 47, 46, 76, 77, 78, 79, 41, 28, 29, 31, 30, 46, 47, 49, 48, 80, 81, 82, 83, 41, 30, 31, 25, 24, 48, 49, 51, 50, 84, 85, 86, 87, 41, 25, 31, 29, 27, 43, 52, 53, 45, 88, 89, 90, 91, 41, 30, 24, 26, 28, 54, 42, 44, 55, 92, 93, 94, 95], 
    "vertices": [-0.48398664, 1.20557306, 1.67449432, 0.51601336, 1.20557306, 1.67449432, -0.48398664, 1.33083386, 0.96410506, 0.51601336, 1.33083386, 0.96410506, -0.48398664, 1.3154052, 0.96138458, 0.51601336, 1.3154052, 0.96138458, -0.48398664, 1.19014441, 1.67177383, 0.51601336, 1.19014441, 1.67177383, 0.48189238, 1.24266803, 1.41368353, 0.5041146, 1.24266803, 1.41368353, 0.48189238, 0.6840655, 0.95727761, 0.5041146, 0.6840655, 0.95727761, 0.48189238, 0.67415301, 0.96940967, 0.5041146, 0.67415301, 0.96940967, 0.48189238, 1.23275554, 1.42581559, 0.5041146, 1.23275554, 1.42581559, -0.48398664, 0.61198061, 0.9730882, 0.51601336, 0.61198061, 0.9730882, -0.48398664, 1.33332876, 0.9730882, 0.51601336, 1.33332876, 0.9730882, -0.48398664, 1.33332876, 0.95742153, 0.51601336, 1.33332876, 0.95742153, -0.48398664, 0.61198061, 0.95742153, 0.51601336, 0.61198061, 0.95742153, -0.4663868, 1.24266803, 1.41368353, -0.44416457, 1.24266803, 1.41368353, -0.4663868, 0.6840655, 0.95727761, -0.44416457, 0.6840655, 0.95727761, -0.4663868, 0.67415301, 0.96940967, -0.44416457, 0.67415301, 0.96940967, -0.4663868, 1.23275554, 1.42581559, -0.44416457, 1.23275554, 1.42581559], 
    "materials": [{
        "opacity": 0.0, 
        "colorDiffuse": [0.4000000059604645, 0.4000000059604645, 0.4000000059604645], 
        "depthWrite": true, 
        "blending": "NormalBlending", 
        "shading": "Lambert", 
        "DbgName": "lambert1", 
        "transparent": true, 
        "depthTest": true, 
        "vertexColors": false
    }, {
        "opacity": 0.0, 
        "colorDiffuse": [0.4000000059604645, 0.4000000059604645, 0.4000000059604645], 
        "depthWrite": true, 
        "blending": "NormalBlending", 
        "shading": "Lambert", 
        "DbgName": "lambert1", 
        "transparent": true, 
        "depthTest": true, 
        "vertexColors": false
    }, {
        "opacity": 0.0, 
        "colorDiffuse": [0.4000000059604645, 0.4000000059604645, 0.4000000059604645], 
        "depthWrite": true, 
        "blending": "NormalBlending", 
        "shading": "Lambert", 
        "DbgName": "lambert1", 
        "transparent": true, 
        "depthTest": true, 
        "vertexColors": false
    }, {
        "opacity": 0.0, 
        "colorDiffuse": [0.4000000059604645, 0.4000000059604645, 0.4000000059604645], 
        "depthWrite": true, 
        "blending": "NormalBlending", 
        "shading": "Lambert", 
        "DbgName": "lambert1", 
        "transparent": true, 
        "depthTest": true, 
        "vertexColors": false
    }], 
    "skinWeights": [0, 0, 0, 0, 0, 0, 0, 0, 0, 0, 0, 0, 0, 0, 0, 0, 0, 0, 0, 0, 0, 0, 0, 0, 0, 0, 0, 0, 0, 0, 0, 0, 0, 0, 0, 0, 0, 0, 0, 0, 0, 0, 0, 0, 0, 0, 0, 0, 0, 0, 0, 0, 0, 0, 0, 0, 0, 0, 0, 0, 0, 0, 0, 0, 0, 0, 0, 0, 0, 0, 0, 0, 0, 0, 0, 0, 0, 0, 0, 0, 0, 0, 0, 0, 0, 0, 0, 0, 0, 0, 0, 0, 0, 0, 0, 0, 0, 0, 0, 0, 0, 0, 0, 0, 0, 0, 0, 0, 0, 0, 0, 0, 0, 0, 0, 0, 0, 0, 0, 0, 0, 0, 0, 0, 0, 0, 0, 0], 
    "normals": [0.0, 0.0, 1.0, 0.0, 0.0, 1.0, 0.0, 0.0, 1.0, 0.0, 0.0, 1.0, 0.0, 1.0, 0.0, 0.0, 1.0, 0.0, 0.0, 1.0, 0.0, 0.0, 1.0, 0.0, 0.0, 0.0, -1.0, 0.0, 0.0, -1.0, 0.0, 0.0, -1.0, 0.0, 0.0, -1.0, 0.0, -1.0, 0.0, 0.0, -1.0, 0.0, 0.0, -1.0, 0.0, 0.0, -1.0, 0.0, 1.0, 0.0, 0.0, 1.0, 0.0, 0.0, 1.0, 0.0, 0.0, 1.0, 0.0, 0.0, -1.0, 0.0, 0.0, -1.0, 0.0, 0.0, -1.0, 0.0, 0.0, -1.0, 0.0, 0.0, 0.0, 0.0, 1.0, 0.0, 0.0, 1.0, 0.0, 0.0, 1.0, 0.0, 0.0, 1.0, 0.0, 1.0, 0.0, 0.0, 1.0, 0.0, 0.0, 1.0, 0.0, 0.0, 1.0, 0.0, 0.0, 0.0, -1.0, 0.0, 0.0, -1.0, 0.0, 0.0, -1.0, 0.0, 0.0, -1.0, 0.0, -1.0, 0.0, 0.0, -1.0, 0.0, 0.0, -1.0, 0.0, 0.0, -1.0, 0.0, 1.0, 0.0, 0.0, 1.0, 0.0, 0.0, 1.0, 0.0, 0.0, 1.0, 0.0, 0.0, -1.0, 0.0, 0.0, -1.0, 0.0, 0.0, -1.0, 0.0, 0.0, -1.0, 0.0, 0.0, 0.0, 0.0, 1.0, 0.0, 0.0, 1.0, 0.0, 0.0, 1.0, 0.0, 0.0, 1.0, 0.0, 1.0, 0.0, 0.0, 1.0, 0.0, 0.0, 1.0, 0.0, 0.0, 1.0, 0.0, 0.0, 0.0, -1.0, 0.0, 0.0, -1.0, 0.0, 0.0, -1.0, 0.0, 0.0, -1.0, 0.0, -1.0, 0.0, 0.0, -1.0, 0.0, 0.0, -1.0, 0.0, 0.0, -1.0, 0.0, 1.0, 0.0, 0.0, 1.0, 0.0, 0.0, 1.0, 0.0, 0.0, 1.0, 0.0, 0.0, -1.0, 0.0, 0.0, -1.0, 0.0, 0.0, -1.0, 0.0, 0.0, -1.0, 0.0, 0.0, 0.0, 0.0, 1.0, 0.0, 0.0, 1.0, 0.0, 0.0, 1.0, 0.0, 0.0, 1.0, 0.0, 1.0, 0.0, 0.0, 1.0, 0.0, 0.0, 1.0, 0.0, 0.0, 1.0, 0.0, 0.0, 0.0, -1.0, 0.0, 0.0, -1.0, 0.0, 0.0, -1.0, 0.0, 0.0, -1.0, 0.0, -1.0, 0.0, 0.0, -1.0, 0.0, 0.0, -1.0, 0.0, 0.0, -1.0, 0.0, 1.0, 0.0, 0.0, 1.0, 0.0, 0.0, 1.0, 0.0, 0.0, 1.0, 0.0, 0.0, -1.0, 0.0, 0.0, -1.0, 0.0, 0.0, -1.0, 0.0, 0.0, -1.0, 0.0, 0.0], 
    "bones": [], 
    "skinIndices": [0, 0, 0, 0, 0, 0, 0, 0, 0, 0, 0, 0, 0, 0, 0, 0, 0, 0, 0, 0, 0, 0, 0, 0, 0, 0, 0, 0, 0, 0, 0, 0, 0, 0, 0, 0, 0, 0, 0, 0, 0, 0, 0, 0, 0, 0, 0, 0, 0, 0, 0, 0, 0, 0, 0, 0, 0, 0, 0, 0, 0, 0, 0, 0, 0, 0, 0, 0, 0, 0, 0, 0, 0, 0, 0, 0, 0, 0, 0, 0, 0, 0, 0, 0, 0, 0, 0, 0, 0, 0, 0, 0, 0, 0, 0, 0, 0, 0, 0, 0, 0, 0, 0, 0, 0, 0, 0, 0, 0, 0, 0, 0, 0, 0, 0, 0, 0, 0, 0, 0, 0, 0, 0, 0, 0, 0, 0, 0], 
    "influencesPerVertex": 4, 
    "metadata": {
        "formatVersion": 3.1, 
        "generatedBy": "Maya Exporter"
    }
}